-- MySQL dump 10.16  Distrib 10.2.27-MariaDB, for Linux (x86_64).
--
-- Host: mysql.hostinger.ro    Database: u574849695_23
-- ------------------------------------------------------
-- Server version	10.2.24-MariaDB

/*!40101 SET @OLD_CHARACTER_SET_CLIENT=@@CHARACTER_SET_CLIENT */;
/*!40101 SET @OLD_CHARACTER_SET_RESULTS=@@CHARACTER_SET_RESULTS */;
/*!40101 SET @OLD_COLLATION_CONNECTION=@@COLLATION_CONNECTION */;
/*!40101 SET NAMES utf8 */;
/*!40103 SET @OLD_TIME_ZONE=@@TIME_ZONE */;
/*!40103 SET TIME_ZONE='+00:00' */;
/*!40014 SET @OLD_UNIQUE_CHECKS=@@UNIQUE_CHECKS, UNIQUE_CHECKS=0 */;
/*!40014 SET @OLD_FOREIGN_KEY_CHECKS=@@FOREIGN_KEY_CHECKS, FOREIGN_KEY_CHECKS=0 */;
/*!40101 SET @OLD_SQL_MODE=@@SQL_MODE, SQL_MODE='NO_AUTO_VALUE_ON_ZERO' */;
/*!40111 SET @OLD_SQL_NOTES=@@SQL_NOTES, SQL_NOTES=0 */;

--
-- Table structure for table `communities`
--
DROP DATABASE IF EXISTS vk;
CREATE DATABASE vk;
USE vk;

DROP TABLE IF EXISTS `communities`;
/*!40101 SET @saved_cs_client     = @@character_set_client */;
/*!40101 SET character_set_client = utf8 */;
CREATE TABLE `communities` (
  `id` bigint(20) unsigned NOT NULL AUTO_INCREMENT,
  `name` varchar(150) COLLATE utf8_unicode_ci DEFAULT NULL,
  PRIMARY KEY (`id`),
  KEY `communities_name_idx` (`name`)
) ENGINE=InnoDB AUTO_INCREMENT=101 DEFAULT CHARSET=utf8 COLLATE=utf8_unicode_ci;
/*!40101 SET character_set_client = @saved_cs_client */;

--
-- Dumping data for table `communities`
--

LOCK TABLES `communities` WRITE;
/*!40000 ALTER TABLE `communities` DISABLE KEYS */;
INSERT INTO `communities` VALUES (45,'a'),(56,'ad'),(58,'amet'),(78,'asperiores'),(25,'assumenda'),(32,'assumenda'),(4,'aut'),(27,'aut'),(74,'aut'),(94,'aut'),(20,'consequatur'),(99,'culpa'),(9,'cumque'),(82,'dolore'),(59,'dolorum'),(63,'ducimus'),(89,'ducimus'),(60,'ea'),(13,'eos'),(31,'eos'),(33,'eos'),(5,'est'),(100,'est'),(21,'et'),(41,'et'),(75,'et'),(70,'eum'),(80,'ex'),(97,'ex'),(16,'expedita'),(23,'expedita'),(77,'expedita'),(47,'explicabo'),(81,'facere'),(39,'facilis'),(83,'harum'),(42,'hic'),(62,'id'),(57,'illo'),(69,'illum'),(37,'impedit'),(29,'in'),(48,'in'),(96,'in'),(66,'ipsum'),(15,'iure'),(35,'iusto'),(19,'labore'),(87,'labore'),(28,'laboriosam'),(11,'maiores'),(2,'molestiae'),(7,'molestiae'),(12,'molestiae'),(71,'molestias'),(64,'mollitia'),(10,'natus'),(34,'natus'),(90,'nemo'),(95,'nemo'),(91,'nesciunt'),(92,'nihil'),(1,'non'),(85,'non'),(53,'nostrum'),(65,'occaecati'),(67,'odio'),(26,'officia'),(51,'pariatur'),(72,'perferendis'),(73,'praesentium'),(61,'provident'),(49,'quaerat'),(79,'quasi'),(6,'qui'),(36,'qui'),(14,'quia'),(52,'quia'),(54,'quia'),(86,'quia'),(93,'quis'),(30,'quo'),(46,'repellendus'),(3,'rerum'),(40,'rerum'),(55,'rerum'),(17,'saepe'),(24,'saepe'),(76,'sed'),(43,'sint'),(50,'sit'),(18,'sunt'),(8,'temporibus'),(84,'unde'),(68,'vel'),(88,'velit'),(38,'vero'),(22,'voluptas'),(98,'voluptas'),(44,'voluptatibus');
/*!40000 ALTER TABLE `communities` ENABLE KEYS */;
UNLOCK TABLES;

--
-- Table structure for table `friend_requests`
--

DROP TABLE IF EXISTS `friend_requests`;
/*!40101 SET @saved_cs_client     = @@character_set_client */;
/*!40101 SET character_set_client = utf8 */;
CREATE TABLE `friend_requests` (
  `initiator_user_id` bigint(20) unsigned NOT NULL,
  `target_user_id` bigint(20) unsigned NOT NULL,
  `status` enum('requested','approved','unfriended','declined') COLLATE utf8_unicode_ci DEFAULT NULL,
  `requested_at` datetime DEFAULT current_timestamp(),
  `confirmed_at` datetime DEFAULT NULL,
  PRIMARY KEY (`initiator_user_id`,`target_user_id`),
  KEY `initiator_user_id` (`initiator_user_id`),
  KEY `target_user_id` (`target_user_id`),
  CONSTRAINT `friend_requests_ibfk_1` FOREIGN KEY (`initiator_user_id`) REFERENCES `users` (`id`),
  CONSTRAINT `friend_requests_ibfk_2` FOREIGN KEY (`target_user_id`) REFERENCES `users` (`id`)
) ENGINE=InnoDB DEFAULT CHARSET=utf8 COLLATE=utf8_unicode_ci;
/*!40101 SET character_set_client = @saved_cs_client */;

--
-- Dumping data for table `friend_requests`
--

LOCK TABLES `friend_requests` WRITE;
/*!40000 ALTER TABLE `friend_requests` DISABLE KEYS */;
INSERT INTO `friend_requests` VALUES (1,1,'declined','1989-09-26 21:31:30','2018-12-17 11:54:30'),(2,2,'requested','2003-07-30 05:15:15','2012-01-19 19:03:58'),(3,3,'unfriended','1980-01-12 02:37:44','2001-12-31 19:58:29'),(4,4,'declined','2001-10-20 16:55:29','2002-04-17 06:52:28'),(5,5,'approved','2000-12-08 12:00:32','2007-03-14 21:44:47'),(6,6,'unfriended','1974-08-01 10:21:20','1982-10-18 11:48:57'),(7,7,'unfriended','2007-04-26 10:49:30','2005-05-19 06:21:45'),(8,8,'approved','2005-05-23 21:50:19','1976-02-04 12:03:21'),(9,9,'unfriended','1995-02-11 06:53:19','1998-04-03 17:31:57'),(10,10,'unfriended','2010-09-30 23:01:12','1992-09-21 01:51:19'),(11,11,'approved','1980-06-12 23:34:22','1996-08-26 21:39:16'),(12,12,'approved','1972-12-03 15:52:06','1970-03-09 23:28:14'),(13,13,'declined','1975-08-13 01:00:08','1987-04-07 18:35:29'),(14,14,'requested','2007-02-26 06:50:22','1985-12-17 21:35:22'),(15,15,'requested','2001-06-06 17:48:54','1978-01-01 22:20:37'),(16,16,'declined','2001-12-22 21:00:09','1996-09-25 19:37:33'),(17,17,'declined','2018-09-30 20:42:26','2013-07-30 02:02:30'),(18,18,'declined','1979-12-16 15:05:28','1996-04-04 04:39:09'),(19,19,'approved','1988-01-19 10:07:27','1996-11-03 04:59:17'),(20,20,'unfriended','1978-04-25 03:18:01','2013-01-29 10:18:48'),(21,21,'approved','1980-08-08 13:23:19','2012-10-06 07:38:10'),(22,22,'requested','1995-05-31 15:56:26','2013-08-03 05:41:51'),(23,23,'approved','1972-02-01 23:17:42','1983-11-16 08:55:47'),(24,24,'approved','1986-12-31 05:45:31','1993-01-17 07:55:49'),(25,25,'requested','1981-02-15 18:17:45','2017-09-13 02:20:43'),(26,26,'unfriended','2014-07-16 13:06:10','1985-06-16 20:49:27'),(27,27,'approved','2016-07-06 22:48:27','1983-07-15 12:36:58'),(28,28,'unfriended','1984-09-10 14:47:30','1994-11-16 23:33:38'),(29,29,'unfriended','1997-09-15 17:13:05','2011-12-25 23:17:51'),(30,30,'unfriended','2012-12-08 14:50:45','1993-09-07 06:46:49'),(31,31,'approved','2014-12-08 12:38:40','1986-08-10 16:00:54'),(32,32,'declined','2016-02-23 21:14:49','1970-09-03 14:03:54'),(33,33,'declined','2011-01-19 10:33:40','1978-09-03 00:34:53'),(34,34,'declined','2004-08-14 14:19:58','1998-11-24 17:07:20'),(35,35,'declined','1970-02-25 11:07:14','1992-06-24 19:18:37'),(36,36,'declined','2000-04-28 19:51:08','1995-06-17 01:43:54'),(37,37,'approved','2006-11-03 23:46:43','1974-11-03 05:25:31'),(38,38,'requested','1982-05-06 15:07:50','1992-01-29 22:49:34'),(39,39,'requested','1977-06-17 06:48:39','1985-04-23 12:45:02'),(40,40,'approved','1988-01-31 08:16:36','1987-05-16 10:33:36'),(41,41,'requested','2012-12-13 21:35:35','1988-08-06 10:11:05'),(42,42,'approved','2008-03-29 12:28:40','1993-10-08 10:22:21'),(43,43,'requested','1981-09-21 03:53:33','2012-10-07 16:55:37'),(44,44,'approved','1994-04-10 14:00:18','1997-03-25 05:45:18'),(45,45,'requested','2019-10-03 10:44:48','1982-05-07 23:22:11'),(46,46,'requested','2000-01-28 22:15:53','1984-12-03 16:20:57'),(47,47,'approved','1972-12-01 21:59:23','2005-03-17 06:21:32'),(48,48,'declined','1977-10-28 04:36:48','1972-08-27 21:30:51'),(49,49,'requested','1996-03-27 09:46:42','2018-12-30 19:36:47'),(50,50,'unfriended','2003-06-06 07:53:35','2010-08-06 17:19:40'),(51,51,'unfriended','1988-05-16 08:19:59','1979-04-14 03:15:03'),(52,52,'requested','2013-12-12 13:24:37','1977-01-21 21:22:25'),(53,53,'approved','2012-10-18 14:47:52','1985-08-27 16:11:30'),(54,54,'unfriended','2004-06-29 23:13:52','1975-09-06 10:01:11'),(55,55,'declined','2010-07-13 20:25:23','2001-06-02 06:52:11'),(56,56,'approved','1975-04-20 12:14:18','1971-08-29 16:16:44'),(57,57,'unfriended','2012-02-18 03:49:05','1970-07-15 10:02:18'),(58,58,'approved','1985-08-21 13:56:41','1996-09-06 16:50:26'),(59,59,'declined','1983-06-11 11:34:35','1984-08-24 23:47:42'),(60,60,'declined','2001-09-11 22:49:56','2013-08-01 07:56:10'),(61,61,'declined','2002-02-02 04:38:59','1983-01-26 07:34:21'),(62,62,'unfriended','1982-10-27 07:22:31','2017-06-27 01:35:48'),(63,63,'declined','1984-12-16 10:01:20','1982-02-13 03:03:20'),(64,64,'approved','1970-01-30 04:36:05','1983-10-02 14:19:05'),(65,65,'declined','2018-03-21 12:51:11','1987-04-18 22:40:11'),(66,66,'requested','2007-02-01 15:07:49','1970-03-18 23:59:59'),(67,67,'declined','2011-10-11 18:12:09','1978-10-20 07:58:15'),(68,68,'declined','1995-11-26 02:04:07','2002-07-23 04:59:11'),(69,69,'declined','2010-08-18 19:04:42','2013-09-23 00:06:12'),(70,70,'requested','1978-03-03 22:40:42','1987-11-24 03:46:13'),(71,71,'requested','1996-01-06 21:29:16','1980-02-11 09:31:18'),(72,72,'unfriended','2004-09-30 02:28:23','2008-03-13 12:50:18'),(73,73,'unfriended','2007-03-10 03:46:57','2015-09-15 11:58:59'),(74,74,'requested','1987-09-07 23:45:41','1977-02-18 04:04:07'),(75,75,'approved','2013-10-15 07:51:13','2015-03-10 08:19:37'),(76,76,'unfriended','1972-09-09 09:41:36','1979-01-17 01:59:02'),(77,77,'declined','1976-12-06 23:46:51','1986-07-27 22:09:35'),(78,78,'approved','1971-04-11 19:56:53','1970-09-09 21:52:15'),(79,79,'approved','2017-12-26 07:32:16','1995-10-18 21:04:57'),(80,80,'declined','2010-06-17 19:55:58','2010-11-17 21:07:47'),(81,81,'requested','1975-11-19 06:34:45','2019-06-01 11:21:22'),(82,82,'unfriended','1983-01-11 11:06:36','1991-01-23 19:48:28'),(83,83,'unfriended','2018-04-06 23:58:51','1979-05-16 08:56:35'),(84,84,'requested','2006-10-28 20:42:23','2004-06-18 16:40:01'),(85,85,'declined','1996-11-26 22:15:35','2005-10-10 13:40:59'),(86,86,'declined','2015-10-29 06:52:24','1981-01-01 09:37:26'),(87,87,'approved','1971-08-26 16:48:54','1975-05-07 04:57:37'),(88,88,'unfriended','1973-11-11 13:26:20','2005-11-01 21:10:31'),(89,89,'unfriended','2000-11-12 06:46:53','2015-06-16 05:38:36'),(90,90,'requested','1985-07-01 19:59:47','2019-09-06 19:50:38'),(91,91,'declined','1973-05-14 07:30:39','1972-05-17 09:53:37'),(92,92,'unfriended','1981-09-07 21:13:54','1985-08-22 21:03:43'),(93,93,'approved','1970-03-08 18:58:20','1999-03-28 00:01:11'),(94,94,'approved','1998-01-10 08:25:12','1988-12-07 08:11:38'),(95,95,'unfriended','2012-01-30 06:30:10','1996-12-24 19:04:08'),(96,96,'declined','2004-01-26 05:36:16','2013-10-24 10:45:04'),(97,97,'unfriended','2014-08-30 12:29:03','2008-05-09 19:56:17'),(98,98,'requested','2016-03-05 03:33:02','2011-04-24 22:32:14'),(99,99,'requested','1971-03-15 22:17:03','1975-07-21 11:20:32'),(100,100,'approved','1978-12-08 17:06:16','2011-01-07 06:56:15');
/*!40000 ALTER TABLE `friend_requests` ENABLE KEYS */;
UNLOCK TABLES;

--
-- Table structure for table `likes`
--

DROP TABLE IF EXISTS `likes`;
/*!40101 SET @saved_cs_client     = @@character_set_client */;
/*!40101 SET character_set_client = utf8 */;
CREATE TABLE `likes` (
  `id` bigint(20) unsigned NOT NULL AUTO_INCREMENT,
  `user_id` bigint(20) unsigned NOT NULL,
  `media_id` bigint(20) unsigned NOT NULL,
  `created_at` datetime DEFAULT current_timestamp(),
  PRIMARY KEY (`id`),
  KEY `user_id` (`user_id`),
  KEY `media_id` (`media_id`),
  CONSTRAINT `likes_ibfk_1` FOREIGN KEY (`user_id`) REFERENCES `users` (`id`),
  CONSTRAINT `likes_ibfk_2` FOREIGN KEY (`media_id`) REFERENCES `media` (`id`)
) ENGINE=InnoDB AUTO_INCREMENT=101 DEFAULT CHARSET=utf8 COLLATE=utf8_unicode_ci;
/*!40101 SET character_set_client = @saved_cs_client */;

--
-- Dumping data for table `likes`
--

LOCK TABLES `likes` WRITE;
/*!40000 ALTER TABLE `likes` DISABLE KEYS */;
INSERT INTO `likes` VALUES (1,1,1,'1993-01-24 22:46:50'),(2,2,2,'2008-10-17 02:08:34'),(3,3,3,'1976-10-29 18:17:11'),(4,4,4,'1981-08-19 03:27:04'),(5,5,5,'2002-07-12 07:55:43'),(6,6,6,'2007-10-11 08:17:55'),(7,7,7,'1995-12-05 13:29:23'),(8,8,8,'2002-08-08 18:27:44'),(9,9,9,'2005-07-12 18:17:53'),(10,10,10,'2004-06-26 18:23:45'),(11,11,11,'1980-08-26 04:41:16'),(12,12,12,'2008-06-13 09:57:42'),(13,13,13,'1978-10-07 20:58:13'),(14,14,14,'2015-07-05 15:36:54'),(15,15,15,'2002-04-28 11:30:55'),(16,16,16,'2017-06-22 16:34:51'),(17,17,17,'2016-03-14 22:17:28'),(18,18,18,'1979-10-18 13:54:29'),(19,19,19,'1997-04-10 19:56:31'),(20,20,20,'1984-04-03 15:50:00'),(21,21,21,'2000-06-18 05:03:42'),(22,22,22,'1988-12-03 15:32:10'),(23,23,23,'2013-10-04 01:03:46'),(24,24,24,'2011-03-02 19:23:31'),(25,25,25,'1995-03-23 22:19:16'),(26,26,26,'1973-08-27 05:37:28'),(27,27,27,'1990-07-14 10:42:30'),(28,28,28,'1993-08-20 11:09:33'),(29,29,29,'1981-02-07 13:33:43'),(30,30,30,'1979-04-23 13:01:23'),(31,31,31,'1978-01-01 13:24:23'),(32,32,32,'1974-09-07 04:12:38'),(33,33,33,'2010-07-18 04:01:22'),(34,34,34,'2004-09-21 12:25:03'),(35,35,35,'1992-01-27 00:11:26'),(36,36,36,'1989-01-10 18:32:48'),(37,37,37,'1974-09-18 02:13:54'),(38,38,38,'1984-12-19 18:40:05'),(39,39,39,'1994-02-06 19:24:33'),(40,40,40,'1972-08-29 23:14:47'),(41,41,41,'1990-01-08 05:37:23'),(42,42,42,'2013-11-06 12:38:03'),(43,43,43,'1993-12-29 02:30:48'),(44,44,44,'1985-03-17 04:30:26'),(45,45,45,'2001-07-28 20:27:06'),(46,46,46,'1994-10-21 00:28:20'),(47,47,47,'1980-05-17 14:36:04'),(48,48,48,'1983-10-15 11:41:49'),(49,49,49,'2000-02-27 07:49:26'),(50,50,50,'2013-04-25 23:34:59'),(51,51,51,'1996-10-05 11:50:31'),(52,52,52,'2003-09-13 18:07:16'),(53,53,53,'1994-05-23 08:15:16'),(54,54,54,'2010-01-24 09:58:13'),(55,55,55,'2019-10-23 04:58:29'),(56,56,56,'1991-10-13 15:37:53'),(57,57,57,'1987-02-24 12:33:02'),(58,58,58,'2011-01-14 00:28:15'),(59,59,59,'1977-05-25 23:49:36'),(60,60,60,'1985-12-19 01:51:35'),(61,61,61,'1971-03-17 08:32:17'),(62,62,62,'1998-06-05 21:10:10'),(63,63,63,'2004-01-14 18:17:05'),(64,64,64,'1998-04-06 06:30:00'),(65,65,65,'1976-10-09 23:21:54'),(66,66,66,'2005-12-18 21:47:02'),(67,67,67,'2014-08-11 09:19:07'),(68,68,68,'1989-05-14 16:45:16'),(69,69,69,'1998-10-06 21:10:10'),(70,70,70,'1985-05-30 10:37:55'),(71,71,71,'2018-10-21 01:44:59'),(72,72,72,'2017-04-25 22:46:17'),(73,73,73,'1990-09-02 09:31:46'),(74,74,74,'2017-07-14 10:49:31'),(75,75,75,'1977-10-30 07:39:35'),(76,76,76,'1988-04-18 01:23:56'),(77,77,77,'1979-02-11 05:21:21'),(78,78,78,'1977-05-29 20:16:52'),(79,79,79,'2017-01-23 02:27:25'),(80,80,80,'1971-03-16 17:29:23'),(81,81,81,'1986-10-12 20:00:09'),(82,82,82,'2018-05-13 06:08:11'),(83,83,83,'1979-02-12 02:37:59'),(84,84,84,'1977-03-13 10:31:21'),(85,85,85,'2013-09-26 06:48:55'),(86,86,86,'1983-03-10 23:23:23'),(87,87,87,'1987-11-11 10:57:04'),(88,88,88,'1974-02-06 11:34:47'),(89,89,89,'2014-12-19 07:06:06'),(90,90,90,'2008-07-03 14:55:02'),(91,91,91,'1981-07-03 04:01:01'),(92,92,92,'2007-11-08 10:02:09'),(93,93,93,'1978-09-30 21:20:52'),(94,94,94,'1977-03-29 15:49:03'),(95,95,95,'1980-02-16 14:53:58'),(96,96,96,'2001-06-04 03:38:55'),(97,97,97,'1990-04-05 19:52:07'),(98,98,98,'1977-05-20 22:03:08'),(99,99,99,'1986-01-07 12:47:05'),(100,100,100,'1988-05-11 20:44:10');
/*!40000 ALTER TABLE `likes` ENABLE KEYS */;
UNLOCK TABLES;

--
-- Table structure for table `media`
--

DROP TABLE IF EXISTS `media`;
/*!40101 SET @saved_cs_client     = @@character_set_client */;
/*!40101 SET character_set_client = utf8 */;
CREATE TABLE `media` (
  `id` bigint(20) unsigned NOT NULL AUTO_INCREMENT,
  `media_type_id` bigint(20) unsigned NOT NULL,
  `user_id` bigint(20) unsigned NOT NULL,
  `body` text COLLATE utf8_unicode_ci DEFAULT NULL,
  `filename` varchar(255) COLLATE utf8_unicode_ci DEFAULT NULL,
  `size` int(11) DEFAULT NULL,
  `metadata` longtext CHARACTER SET utf8mb4 COLLATE utf8mb4_bin DEFAULT NULL,
  `created_at` datetime DEFAULT current_timestamp(),
  `updated_at` datetime DEFAULT current_timestamp() ON UPDATE current_timestamp(),
  PRIMARY KEY (`id`),
  KEY `user_id` (`user_id`),
  KEY `media_type_id` (`media_type_id`),
  CONSTRAINT `media_ibfk_1` FOREIGN KEY (`user_id`) REFERENCES `users` (`id`),
  CONSTRAINT `media_ibfk_2` FOREIGN KEY (`media_type_id`) REFERENCES `media_types` (`id`)
) ENGINE=InnoDB AUTO_INCREMENT=101 DEFAULT CHARSET=utf8 COLLATE=utf8_unicode_ci;
/*!40101 SET character_set_client = @saved_cs_client */;

--
-- Dumping data for table `media`
--

LOCK TABLES `media` WRITE;
/*!40000 ALTER TABLE `media` DISABLE KEYS */;
INSERT INTO `media` VALUES (1,1,1,'Excepturi vero est quos debitis et est libero. Assumenda eveniet quam quia non sint cupiditate. Dignissimos corporis voluptatem distinctio officia dolor sed. Dolorem soluta cum in tempora exercitationem omnis temporibus.','nihil',8,NULL,'1996-05-29 19:18:02','2012-09-26 13:54:48'),(2,2,2,'Autem et facilis aut. Et ea consequatur quia fugiat. Perferendis enim veniam sunt suscipit earum aut voluptas.','cumque',23,NULL,'2006-02-23 00:31:53','2018-05-13 06:23:50'),(3,3,3,'Quaerat sit accusamus commodi ut aut vero sunt. Repudiandae rerum eum dolore non deleniti consectetur occaecati rerum. Occaecati aliquam ea autem repellat doloribus cumque. Perspiciatis inventore soluta dolor ullam rem.','consequatur',200,NULL,'2004-01-14 00:28:20','2011-07-08 01:26:27'),(4,4,4,'Nobis voluptatem enim fugit voluptas magnam. Veniam quibusdam maxime nesciunt dolores iusto. Non voluptatem soluta ipsam odit.','fugit',648932867,NULL,'1986-08-03 02:41:51','1993-03-08 20:07:40'),(5,5,5,'Eius cumque dolorum asperiores optio repellendus. Quo voluptatum sit ipsum in sed. Nam numquam recusandae distinctio error aliquam quos ab. Sunt tempore aliquid vitae temporibus aut natus.','nam',9,NULL,'1973-08-14 07:35:15','1996-10-05 02:18:12'),(6,6,6,'Illo id delectus rem id a omnis quidem. Culpa tempora qui molestiae asperiores provident temporibus dolorem. Nostrum quis praesentium aliquam.','velit',5,NULL,'2002-01-03 08:13:16','1977-06-26 18:47:18'),(7,7,7,'Reiciendis quia repellendus eius aut. Commodi eveniet nulla quaerat animi est iste. Ut odio consequatur commodi vitae non.','modi',4185116,NULL,'1982-08-19 04:11:32','1997-08-24 04:25:47'),(8,8,8,'Cumque ab qui ipsa perferendis. Facilis dignissimos perspiciatis doloremque necessitatibus. Deleniti recusandae iusto doloremque qui sit et cupiditate.','adipisci',6,NULL,'2010-12-02 02:01:31','1980-11-18 07:18:48'),(9,9,9,'Ipsum sint omnis nihil expedita aliquid et. Ipsam voluptatem perspiciatis voluptatem veniam quae culpa quia. Voluptatum suscipit maiores voluptas consequatur.','fugit',0,NULL,'2015-12-01 04:52:33','1975-10-27 09:24:08'),(10,10,10,'Id quos alias impedit dolores vitae. Nihil ut error recusandae atque ut. Ipsum a voluptates ea nam repellendus dolorum est molestiae. Quaerat ut odit qui aut quo quas.','rerum',0,NULL,'1988-04-18 05:47:18','1974-07-15 18:21:32'),(11,11,11,'Et sit tenetur in quibusdam sint neque. Neque earum excepturi ipsam excepturi omnis praesentium nisi. Possimus ratione assumenda sint molestias. Fugit eaque voluptatem quia odio esse.','cupiditate',47782,NULL,'2013-01-13 03:34:58','2018-08-19 05:22:19'),(12,12,12,'Modi odio voluptatem quae sit aut. Maiores tempora ea perferendis. Quia et dolores autem aliquid excepturi quia. Aut fuga praesentium harum voluptas voluptatem odio. Eligendi ullam odio qui sed aliquid itaque sed velit.','quo',85,NULL,'1997-02-12 07:27:35','2018-10-10 03:24:18'),(13,13,13,'Modi temporibus libero numquam officia nemo iste quidem. Aspernatur voluptatibus voluptatem tenetur repudiandae et doloribus aut eum. Ipsum ad explicabo sint et. Illum ad a dolorum rerum.','nihil',0,NULL,'1997-10-10 21:59:13','1970-03-23 14:56:33'),(14,14,14,'Eligendi aut aliquam dolore. Repellendus ab necessitatibus itaque omnis eos alias. Sed et ex nihil similique hic harum quis. Inventore commodi quos inventore aut consequuntur et dolor.','ratione',1558737,NULL,'1981-12-02 21:23:37','1987-09-25 06:03:09'),(15,15,15,'Qui sed est et eius adipisci ratione voluptate. Ut eum qui odio iusto officiis. Quasi eius eum repudiandae modi qui. Qui laboriosam natus eaque adipisci.','voluptatibus',89379,NULL,'2003-09-08 18:57:58','2009-02-24 20:29:05'),(16,16,16,'Aliquid quas velit deleniti laborum rem est. Vel recusandae officia dicta aut dolores doloribus aperiam. Saepe perferendis ipsam asperiores quod sint accusantium vel.','sit',621761652,NULL,'2005-04-08 20:43:51','2009-08-17 22:12:43'),(17,17,17,'Qui porro ipsum pariatur eos eum. Quia beatae minima quo doloremque cum nobis qui. Aspernatur aperiam magnam atque aut. Alias facilis molestiae iste quia. Quam illo et deleniti cupiditate adipisci.','est',89653929,NULL,'2012-11-22 15:54:45','1983-12-08 08:38:30'),(18,18,18,'Doloribus quaerat et sunt saepe iure delectus. Rem et quia eveniet qui eligendi velit. Et eos quis est cumque saepe. Consequatur voluptas voluptatem autem ab voluptas tempore repellendus. Sit ut quia perferendis minima aliquid nihil quia.','omnis',44564301,NULL,'2017-09-22 09:41:14','1999-06-27 05:28:45'),(19,19,19,'Quae voluptatibus debitis ut qui asperiores ut deserunt. Aut voluptate a minima qui. Perspiciatis enim non doloribus.','sit',689231624,NULL,'1993-02-15 14:05:34','2007-08-25 21:25:11'),(20,20,20,'Repudiandae molestiae dolorem sit laboriosam sit vel. Sapiente hic architecto animi sequi. At ut qui voluptates minima et voluptas excepturi.','odio',6,NULL,'1990-04-22 03:51:51','2005-06-03 05:57:18'),(21,21,21,'Cum enim omnis et est dolorem perferendis. Omnis non omnis dicta quam veritatis. Maxime deleniti saepe voluptate consequatur sed. Nesciunt magni non odio ea voluptas sit aut.','minus',8195,NULL,'2017-03-15 17:58:10','1986-02-03 14:55:05'),(22,22,22,'Laboriosam neque id ea aut. Animi est delectus sint ex delectus velit eos. Occaecati rerum fuga nisi id repellat culpa. Repellat deleniti maiores sapiente consequuntur aut. Voluptatem soluta rem officiis accusamus.','iste',729943,NULL,'1994-11-13 03:58:30','1994-06-29 04:10:26'),(23,23,23,'Quisquam est ipsum eveniet. Enim architecto neque sequi reiciendis voluptatem quo id. Delectus atque nulla et commodi eum molestiae laudantium.','aliquid',7730,NULL,'1984-08-14 18:24:55','1988-06-10 08:14:43'),(24,24,24,'Provident et similique nihil accusantium qui repellendus odit. Veniam magni consequatur minus eius neque.','consequatur',8,NULL,'2008-07-05 03:15:32','2000-04-19 21:24:46'),(25,25,25,'Reiciendis non aut consequatur beatae sit. Cumque dolorem possimus tempora natus quaerat dolores. Sed et deserunt quam.','itaque',907750,NULL,'2012-05-02 02:04:29','1998-03-12 18:19:33'),(26,26,26,'Incidunt recusandae sequi officiis voluptatum eligendi enim. Ipsum perspiciatis id suscipit blanditiis soluta.','asperiores',6819,NULL,'1975-10-26 03:26:17','1974-08-21 05:41:53'),(27,27,27,'Ex corrupti est facere. Quidem aut cum ea numquam cumque dolorem qui commodi. Eligendi illo placeat et quisquam dolorem numquam quisquam ut.','placeat',71,NULL,'2014-07-25 08:50:55','1980-09-04 17:13:08'),(28,28,28,'Voluptatum mollitia recusandae repellendus reprehenderit non blanditiis praesentium. Porro quis est et minus non. Est dicta a sint quibusdam.','officia',3,NULL,'1980-11-03 04:40:17','1994-05-10 18:05:14'),(29,29,29,'Molestiae sit ut consequuntur sit. Omnis quia aut eum eos exercitationem architecto. Qui tempore temporibus architecto dignissimos corrupti.','reprehenderit',931,NULL,'2007-10-23 10:26:54','2013-10-13 04:20:10'),(30,30,30,'Asperiores enim minima porro ex sunt. Et voluptatem rerum aliquam vel quidem ut. Sit ut ut neque laudantium asperiores temporibus. Repellendus et odit recusandae inventore.','et',398035,NULL,'2007-09-05 07:10:40','2019-10-15 08:37:02'),(31,31,31,'Dolores architecto quia quae illum nemo. Cupiditate nulla enim quis.','molestiae',2,NULL,'2004-07-17 16:04:19','2006-08-21 08:01:23'),(32,32,32,'Necessitatibus tempora qui neque et non. Qui necessitatibus harum qui tempora. Sunt sint velit quam temporibus voluptas. Adipisci esse et illo maiores rerum.','eius',0,NULL,'2000-02-11 20:07:44','2004-05-25 23:56:24'),(33,33,33,'Quas laboriosam quo omnis hic. Illum quaerat in et voluptates quam nulla quidem. Illo quo aut quasi autem quas animi. Ad ipsum voluptas qui est quo dolores similique.','consequatur',680810,NULL,'2005-10-20 16:55:46','1982-01-25 14:47:45'),(34,34,34,'Qui cupiditate mollitia consequatur et. Voluptas quidem quia dolor aut et cupiditate. Id voluptas earum facere voluptatibus iusto. Id dolorum inventore perspiciatis vitae qui.','laboriosam',0,NULL,'1998-07-07 08:53:13','2017-08-10 08:28:33'),(35,35,35,'Reprehenderit repellendus minima ut in. Quis eos atque qui non quia. Et sit est consectetur reprehenderit autem eligendi.','totam',53829,NULL,'2007-06-05 11:53:24','2003-06-01 19:05:53'),(36,36,36,'Voluptates velit consequatur dolor. Et cupiditate magni quos cupiditate officiis. Qui illum reiciendis explicabo repellendus neque.','occaecati',2754158,NULL,'1990-03-18 22:08:57','1993-05-06 21:42:07'),(37,37,37,'Est et blanditiis molestiae possimus a et eaque est. Ex provident sed non qui doloremque et. Expedita repellendus non qui unde aliquid dolor.','omnis',6305151,NULL,'1993-07-24 18:34:06','1974-11-18 03:30:47'),(38,38,38,'Corporis autem temporibus hic. Et enim tempora minima esse nemo molestiae. Ipsum optio itaque commodi nulla inventore animi dicta quibusdam. Voluptatem et ex incidunt.','distinctio',0,NULL,'1998-08-04 22:08:38','1970-06-12 15:48:19'),(39,39,39,'Ducimus alias ut rem dolorem et. Eum enim quis ut id voluptatem debitis. Excepturi saepe dolorum et eos quaerat expedita dolorem dolorem. Vitae nostrum aperiam earum est aperiam ut.','minus',4614851,NULL,'1992-01-24 22:56:30','1977-06-06 20:07:30'),(40,40,40,'Ut dolor aut eum odit illo est. Dolores minima ut repellat est. Recusandae fugit qui est magni voluptatem tempore.','necessitatibus',1,NULL,'1970-12-24 11:53:41','1978-10-18 18:22:40'),(41,41,41,'Autem sunt id ut eos libero. Et suscipit voluptas tempore doloremque et sunt et. Laudantium non id tenetur rerum. Qui rem velit libero asperiores.','odit',2099,NULL,'1976-01-03 01:44:31','1991-10-29 14:03:21'),(42,42,42,'Inventore voluptatem ut labore. Qui est eum aut commodi ullam sit odio. Ad dolor quo earum eum sed facere. Asperiores dolorum quasi accusantium cum ea.','molestias',4,NULL,'2007-05-10 20:38:23','1992-01-15 18:37:09'),(43,43,43,'Unde voluptas dolorum quis blanditiis. Sint autem quis dolorum. Ducimus quo neque occaecati veritatis aut. Voluptate est provident nostrum earum et.','aut',1,NULL,'2013-07-13 23:36:08','2007-05-30 12:52:09'),(44,44,44,'Eos sequi consequatur laborum est labore non. Dolore in maxime molestiae id earum. Explicabo sed quia enim quam. A fuga eius ipsam alias praesentium iure fugiat.','dolores',26,NULL,'1991-01-11 11:24:52','2014-07-28 16:10:55'),(45,45,45,'Voluptas iure dolor aspernatur beatae. Cupiditate exercitationem minus adipisci. Maiores accusantium eos ducimus dolorem voluptas.','id',923,NULL,'1995-10-05 02:17:26','2007-07-18 20:35:07'),(46,46,46,'In error quam deserunt ea. Inventore maxime nisi et necessitatibus minima rerum. Ex debitis sit omnis et consequatur reiciendis asperiores. Excepturi quas vel voluptas. Officiis architecto accusamus veniam aut.','totam',2498,NULL,'2008-11-28 00:14:13','2004-09-30 04:25:12'),(47,47,47,'Nam numquam doloremque occaecati. Explicabo ratione sunt distinctio suscipit et suscipit rerum.','nisi',5,NULL,'2010-10-06 16:45:05','1998-04-27 20:35:09'),(48,48,48,'Culpa iusto molestiae aliquid numquam. Numquam ut aut atque aliquid architecto fugit. Est aliquid id dolorem qui modi dolorem voluptates. Qui non omnis aperiam.','dolor',23045191,NULL,'1977-10-13 03:30:54','2009-08-17 14:28:37'),(49,49,49,'Commodi voluptatem tenetur nesciunt modi non culpa dolores. Aut quod ea beatae mollitia deserunt fugit laborum. Quibusdam ut est reiciendis et voluptate.','fuga',932,NULL,'1977-12-30 22:52:32','1979-03-03 20:47:09'),(50,50,50,'Quidem ut est sit sed. Aperiam nihil in rerum dolore. Sunt ea velit eum quia dolorum quo aut. Quaerat aperiam ab odit pariatur ipsum.','quo',643309451,NULL,'1978-02-21 02:34:16','2000-05-12 09:26:51'),(51,51,51,'Expedita voluptates enim iure veritatis expedita enim. Consectetur numquam esse voluptates. Laudantium id animi at.','odit',592755,NULL,'2002-08-18 07:58:28','2017-01-23 06:35:19'),(52,52,52,'Est error laudantium ratione et vitae. Voluptatem qui porro aut.','molestias',0,NULL,'1997-11-15 22:10:22','2006-11-08 23:02:58'),(53,53,53,'Reiciendis et et debitis. Voluptas blanditiis libero aliquid illum. Dignissimos necessitatibus adipisci voluptatem animi consequuntur est aut.','aut',89993,NULL,'2014-01-11 06:05:02','2018-08-08 18:32:45'),(54,54,54,'Beatae reiciendis a reprehenderit sed qui et fugiat. Et ea reprehenderit velit quae corrupti sit ea. Ipsum consectetur ipsam animi laudantium architecto doloremque.','sed',403,NULL,'1999-04-09 00:30:29','1987-11-08 22:51:30'),(55,55,55,'Quisquam et eligendi impedit omnis excepturi. Eius id aliquam repudiandae repellendus mollitia odit voluptate. Voluptas quis recusandae ut minima nulla nam.','nam',561327,NULL,'2019-02-23 16:32:22','1996-09-24 04:50:47'),(56,56,56,'Eligendi voluptate quam facere laudantium atque quod. Velit et quas excepturi magni. Quo dolor odit at exercitationem ducimus sunt.','explicabo',1197668,NULL,'1973-11-07 06:13:00','1992-10-31 04:43:50'),(57,57,57,'Eum ducimus iusto qui eligendi. Voluptates quis modi laboriosam laboriosam at. Voluptatem eligendi suscipit vel itaque temporibus voluptates nobis. Quasi facere quia et unde.','ab',369907,NULL,'1991-10-02 05:09:48','1992-04-27 11:20:14'),(58,58,58,'Iusto esse natus quis deserunt. Voluptas accusamus repudiandae expedita enim quisquam velit vitae. Ut earum sed explicabo dignissimos aut provident non.','quisquam',30195,NULL,'2013-06-06 09:36:10','1997-03-18 09:46:31'),(59,59,59,'Quas qui alias omnis soluta et. Iure ipsum molestiae et delectus id et odit. Labore earum sequi occaecati cum fugit sed facere. Iste rerum aperiam voluptas.','nostrum',8245,NULL,'2008-04-25 14:01:54','1975-07-18 07:58:31'),(60,60,60,'Nemo iusto tempora possimus quos. Id non aspernatur amet officia tempore et.','rem',8038276,NULL,'1993-08-08 08:49:43','2011-06-05 14:55:47'),(61,61,61,'Illum praesentium inventore impedit sit ipsa quo. Ducimus omnis maxime deleniti non eligendi doloribus ipsam sed.','aut',19,NULL,'2010-08-28 07:38:51','1981-10-09 23:43:13'),(62,62,62,'Ea et dolor placeat corrupti. Quo quisquam dicta quos id. Aspernatur numquam praesentium dicta recusandae.','voluptatem',251,NULL,'1995-01-22 00:44:25','1989-01-26 15:47:00'),(63,63,63,'Reprehenderit praesentium sunt hic natus ducimus. Perspiciatis aperiam dignissimos excepturi. Et aliquam beatae sed repellendus placeat. Dolor impedit nam aut accusamus.','ut',169829,NULL,'1979-12-24 23:00:20','2002-05-20 11:25:05'),(64,64,64,'Similique labore qui iure laborum est. Amet nostrum deleniti ducimus ad. Sint cupiditate quasi esse neque ab.','rerum',6922102,NULL,'1988-05-11 12:50:37','1984-01-06 06:44:16'),(65,65,65,'Aut hic rem eos odio. Aliquid quo cumque vitae repudiandae soluta. Dolores unde dolorum qui accusamus autem officia. Aut tempore voluptas omnis qui harum voluptatem.','sit',33,NULL,'1999-10-07 19:14:50','1989-08-05 18:35:54'),(66,66,66,'Beatae corporis sequi aut voluptatum qui eius. Repellat qui aut enim exercitationem sapiente dolorum. Laborum aut qui voluptatem molestiae quisquam deserunt fugiat.','perspiciatis',77,NULL,'1976-02-09 04:28:47','2010-03-23 11:50:46'),(67,67,67,'Laudantium doloribus est dolorem hic odio minus. Sed velit eos ea omnis. Aut possimus quasi iure delectus voluptatem distinctio.','quae',0,NULL,'1982-01-28 14:47:21','2010-11-27 12:27:14'),(68,68,68,'Amet qui assumenda libero. Doloremque temporibus sit quaerat assumenda. Ut laboriosam repellat sunt. Vel iste eius qui et a nemo aut.','fugiat',0,NULL,'2011-01-17 22:58:12','2019-01-17 15:56:26'),(69,69,69,'Dolor sapiente aut rerum dignissimos ab. Consequatur quam sit quis consequatur sint. Nisi quas adipisci nesciunt sed eaque. Quibusdam molestiae quia quisquam quae sunt.','recusandae',9743380,NULL,'1979-05-04 21:32:05','2018-04-26 00:42:47'),(70,70,70,'Facilis quia et iusto quis id quis voluptates. Beatae incidunt impedit quae quaerat. Quos ad autem culpa sed possimus nisi. Quaerat possimus fugit a qui mollitia. Temporibus aliquid et nihil est.','commodi',5,NULL,'1996-10-13 04:46:09','1990-08-03 21:12:25'),(71,71,71,'Maxime ex quis quod. Natus praesentium et a omnis. Quia quo ut earum minima vel officia explicabo.','quia',818631156,NULL,'2005-12-23 11:55:25','2003-12-02 15:09:40'),(72,72,72,'Necessitatibus vero ut qui rerum. Qui quam eos repudiandae vero. Sint consectetur in tenetur officiis.','velit',0,NULL,'1976-09-14 12:00:58','1970-11-09 03:03:48'),(73,73,73,'Rerum consectetur sed quibusdam et. Hic explicabo molestiae quas. Repudiandae dolor quas voluptatem iusto in culpa.','repellendus',8835567,NULL,'1993-01-08 18:28:37','1971-08-08 11:17:56'),(74,74,74,'Sed voluptatem sed vero ducimus aut. A recusandae qui reiciendis dolorum totam. Debitis voluptatem nulla ullam qui ut. Beatae suscipit fuga omnis qui possimus perferendis laboriosam. Qui aut vel adipisci sit laudantium et unde.','omnis',815049961,NULL,'2018-07-02 06:08:07','1987-08-16 22:21:07'),(75,75,75,'Voluptate accusamus occaecati doloribus vel et ipsa. Ipsa quo iure expedita nobis nihil impedit ut atque. Doloribus non architecto nisi ab. Ut voluptatibus accusamus sit eius est beatae.','enim',0,NULL,'2019-05-24 16:55:49','1996-03-23 18:24:58'),(76,76,76,'Et quis qui nemo fugiat. Rerum aut ab provident voluptate vel ea. Rerum voluptatum et ut facere qui. Culpa quidem modi est eligendi.','vel',578,NULL,'1983-02-24 05:50:28','1991-06-13 19:52:18'),(77,77,77,'Quaerat numquam quos fugit mollitia magni. Enim quis quis ducimus consequatur sapiente. Laudantium corporis nesciunt assumenda adipisci sed at magni similique. Iusto vel a est nulla quia accusantium eum.','atque',76,NULL,'2017-07-24 17:14:14','1998-10-13 09:13:54'),(78,78,78,'Veniam debitis explicabo eos consequatur doloremque. Optio ut maxime necessitatibus recusandae eos autem sit. Dolorem quasi incidunt at blanditiis doloremque. Voluptatibus fuga deleniti rem sint dolores magnam.','non',34958478,NULL,'1970-03-06 12:14:02','1970-06-15 14:09:25'),(79,79,79,'Facilis architecto nihil minus ex ut. Dolores laboriosam dolorem quia quasi sit aut. Et provident perferendis est beatae soluta et aut.','velit',8702,NULL,'2007-01-12 23:02:37','1976-01-27 04:44:57'),(80,80,80,'Vitae doloribus eos quaerat voluptatibus iste maiores. Iure aut pariatur hic ullam. Cum deserunt quia aut numquam. Iusto praesentium quidem at voluptatibus at eius esse.','rerum',78638,NULL,'2012-12-10 05:09:43','1972-02-09 18:36:18'),(81,81,81,'Cum dolor culpa temporibus itaque. Blanditiis occaecati nostrum velit et. Repudiandae consequatur omnis exercitationem a nam.','et',256349,NULL,'2015-06-30 10:45:05','1994-02-08 20:24:42'),(82,82,82,'Porro eveniet sed distinctio consectetur eum. Vero saepe ut excepturi dicta adipisci distinctio voluptas. Quia error nobis velit animi placeat. Sequi omnis aliquam architecto quia quidem.','sint',533,NULL,'2004-02-07 12:27:33','1985-07-23 10:01:26'),(83,83,83,'Minus aperiam laudantium voluptatum magni facere exercitationem ipsa. Rem natus odit enim autem aut sit eum officia. Quia est neque voluptatem. Sit ipsum error quia veniam est.','aut',1417131,NULL,'1981-04-06 05:29:51','1988-03-08 05:19:32'),(84,84,84,'Aliquid veniam temporibus accusantium accusamus qui. Quis voluptatem et saepe similique commodi odio. Necessitatibus laudantium eius accusantium earum et soluta. Officia quos earum reprehenderit alias iusto.','expedita',258018,NULL,'1983-07-07 07:15:20','1985-03-24 04:47:24'),(85,85,85,'Facere fugit necessitatibus dolore fugiat neque. Dolor maxime aut debitis. Voluptas aut et similique odit est corrupti ex sit.','sed',6997,NULL,'1976-07-28 13:30:27','1984-05-23 21:58:55'),(86,86,86,'Voluptatem repellendus dolorem a minima enim quibusdam dolorum quod. Tempora blanditiis quae voluptate aliquid rerum accusantium. Et velit eos molestiae dolorem et voluptates rerum.','sint',84204,NULL,'1980-01-08 11:37:34','2006-04-08 08:48:09'),(87,87,87,'Sit et velit quasi dicta. Et eum delectus officiis facilis aut nostrum necessitatibus. Rerum ea adipisci quo veritatis. Consequatur est et aut commodi.','asperiores',3197,NULL,'2013-02-28 21:43:54','2006-07-04 01:41:00'),(88,88,88,'Ut non ad et neque dolorum. Quos consequatur quae fugiat voluptate quam animi non. Accusantium esse ut minus ipsa laborum consectetur enim. Molestias consequatur quasi eos.','quo',65398,NULL,'1983-05-11 20:20:16','2002-11-22 11:29:21'),(89,89,89,'Alias debitis consequatur ut iste quis. Et aut ratione totam eaque et.','sunt',25,NULL,'2000-08-10 02:46:37','2019-05-14 18:47:40'),(90,90,90,'Deleniti dicta voluptatem ut voluptas rerum impedit. Tempore perspiciatis unde optio est atque itaque. Voluptatem quae natus veritatis atque aspernatur qui.','quasi',65,NULL,'1975-12-13 17:34:16','1997-04-09 02:10:01'),(91,91,91,'Dolor ipsa totam voluptatem voluptatem consequatur quia voluptas. At reiciendis voluptates qui qui ratione doloremque dolore.','tenetur',261,NULL,'2013-09-06 16:19:22','2019-01-30 08:49:00'),(92,92,92,'Magni illum voluptate sed et quibusdam rerum. Hic autem modi maiores blanditiis assumenda est. Molestias voluptates et perspiciatis. Sunt blanditiis rem sint a rerum repudiandae.','dolor',707913,NULL,'1972-09-19 04:13:58','1992-09-15 08:14:23'),(93,93,93,'Officiis dignissimos enim quis consequuntur. Soluta non illo reiciendis omnis autem. Illum autem doloribus aut doloremque velit atque.','libero',81,NULL,'1991-10-08 22:06:05','1970-05-29 08:24:26'),(94,94,94,'Neque voluptatum neque dolor rerum. Natus commodi optio inventore in deserunt minima. Et autem molestias est itaque. Numquam molestiae architecto accusantium voluptatem aut fugit.','autem',2603,NULL,'1988-10-17 21:25:17','2012-09-14 03:34:51'),(95,95,95,'Est eaque omnis recusandae quae. Expedita temporibus sequi ab. Nulla ducimus officia delectus incidunt. Voluptas labore nulla nihil velit dolor.','vero',536968531,NULL,'1970-02-13 01:31:46','1990-10-31 14:14:25'),(96,96,96,'Sit tempore recusandae molestiae quia est et hic. Commodi quaerat aspernatur animi id in molestiae. Totam reprehenderit velit qui.','repellendus',64437,NULL,'1982-01-26 20:21:12','1990-04-08 04:02:51'),(97,97,97,'Officiis fugiat eveniet hic. Unde placeat ut nisi ut sapiente quidem ut. Quis quae corrupti dolorem ex praesentium illo.','corporis',7739323,NULL,'2019-04-29 18:27:39','1995-07-27 09:55:25'),(98,98,98,'Repellat cumque sunt nesciunt architecto et. Ratione vel optio provident repellat qui. Iusto ut molestiae et voluptatem aliquam deserunt. Quibusdam aliquam provident ab et sit dolores eum.','quos',9,NULL,'1980-08-28 17:12:23','2004-04-27 02:03:56'),(99,99,99,'Quos quisquam ut minima quia nihil. Eos modi fugit perspiciatis omnis doloribus ut. Placeat sint a rerum aliquam rerum sint.','veniam',99,NULL,'2013-01-17 15:23:52','1978-01-17 06:14:27'),(100,100,100,'Quam voluptas quia excepturi suscipit laboriosam. Id qui eum nesciunt placeat. Possimus mollitia eum consequatur occaecati deleniti id. Veritatis similique voluptas praesentium et eum corporis est.','quaerat',374827642,NULL,'1998-11-27 23:20:16','1982-09-06 13:14:57');
/*!40000 ALTER TABLE `media` ENABLE KEYS */;
UNLOCK TABLES;

--
-- Table structure for table `media_types`
--

DROP TABLE IF EXISTS `media_types`;
/*!40101 SET @saved_cs_client     = @@character_set_client */;
/*!40101 SET character_set_client = utf8 */;
CREATE TABLE `media_types` (
  `id` bigint(20) unsigned NOT NULL AUTO_INCREMENT,
  `name` varchar(255) COLLATE utf8_unicode_ci DEFAULT NULL,
  `created_at` datetime DEFAULT current_timestamp(),
  `updated_at` datetime DEFAULT current_timestamp() ON UPDATE current_timestamp(),
  PRIMARY KEY (`id`)
) ENGINE=InnoDB AUTO_INCREMENT=101 DEFAULT CHARSET=utf8 COLLATE=utf8_unicode_ci;
/*!40101 SET character_set_client = @saved_cs_client */;

--
-- Dumping data for table `media_types`
--

LOCK TABLES `media_types` WRITE;
/*!40000 ALTER TABLE `media_types` DISABLE KEYS */;
INSERT INTO `media_types` VALUES (1,'magnam','1977-02-03 11:33:56','2006-09-15 04:00:15'),(2,'et','1982-03-27 15:59:16','1980-10-31 14:24:43'),(3,'eum','2003-10-26 04:53:08','2017-05-26 13:13:11'),(4,'nihil','2006-06-08 06:25:00','2002-12-10 02:59:22'),(5,'labore','1992-12-21 13:35:46','2013-10-21 17:16:58'),(6,'ut','1992-10-01 12:13:15','1983-02-10 04:01:44'),(7,'eaque','2007-12-27 10:04:25','2002-02-17 21:53:38'),(8,'molestias','2018-12-23 12:21:21','2000-03-27 14:07:31'),(9,'quas','1999-11-09 17:52:29','2019-08-18 20:52:55'),(10,'id','2000-05-25 05:11:17','1996-12-01 01:58:27'),(11,'fugit','2018-03-26 00:05:45','1985-08-10 11:14:22'),(12,'molestias','2006-11-05 21:26:29','2010-07-09 14:00:14'),(13,'a','2000-07-12 06:32:31','1998-05-17 02:10:08'),(14,'dolorem','1999-08-30 20:48:18','1995-12-27 00:03:07'),(15,'ullam','1991-04-22 16:36:25','2005-12-04 20:01:35'),(16,'mollitia','1991-11-06 05:47:29','2006-02-10 08:35:27'),(17,'eum','1979-01-12 01:37:40','1999-08-18 22:18:19'),(18,'quae','1990-10-22 14:10:49','1990-11-06 13:59:29'),(19,'rerum','1972-01-03 22:11:43','1972-02-10 22:09:18'),(20,'quo','2004-01-14 05:33:34','1979-02-11 14:08:03'),(21,'cupiditate','2002-09-24 14:39:12','2019-07-28 22:29:52'),(22,'enim','2009-05-17 12:30:01','1983-01-08 22:06:05'),(23,'voluptas','2016-06-19 18:54:46','1983-05-17 22:39:29'),(24,'hic','1999-04-29 23:44:03','1985-06-29 03:00:18'),(25,'unde','2007-01-12 13:51:51','1993-05-08 20:23:10'),(26,'voluptatem','1983-05-07 03:42:52','2016-10-15 20:32:10'),(27,'laborum','1977-10-13 11:59:47','1978-03-30 10:03:28'),(28,'voluptate','1983-10-15 17:57:01','1997-09-26 07:32:48'),(29,'ut','2016-09-13 02:12:47','1992-03-26 02:58:59'),(30,'eum','2010-02-08 22:49:29','2014-03-16 19:25:12'),(31,'doloremque','1998-11-22 07:31:01','2006-05-23 06:22:52'),(32,'ut','2002-12-08 08:21:15','1992-09-07 00:13:27'),(33,'dolorem','1997-04-20 13:39:54','2009-02-01 01:23:57'),(34,'dolore','1977-07-11 20:43:58','1991-08-23 05:59:39'),(35,'autem','2008-01-31 01:09:01','2019-08-29 15:48:56'),(36,'amet','2000-12-03 10:35:24','1977-12-11 19:45:48'),(37,'quibusdam','2001-07-06 21:06:41','1993-05-21 17:05:21'),(38,'dicta','1979-04-26 21:25:22','1972-04-14 19:01:17'),(39,'aut','2000-05-12 23:50:25','1974-08-05 06:49:20'),(40,'quam','1980-06-23 07:37:18','2001-12-25 22:24:35'),(41,'molestiae','1972-11-05 06:30:16','1995-07-25 03:00:34'),(42,'quidem','1987-08-01 01:56:38','1978-01-26 07:52:45'),(43,'quo','1990-03-04 09:54:49','2000-01-20 16:10:00'),(44,'sit','1973-04-25 02:36:05','2006-09-02 08:41:00'),(45,'perspiciatis','2004-04-07 10:52:36','2008-03-22 08:06:17'),(46,'quia','1991-05-04 17:19:53','2018-07-30 12:30:11'),(47,'atque','1998-06-05 05:55:44','1978-03-23 08:39:15'),(48,'vero','1984-02-17 12:29:43','1971-07-31 02:55:38'),(49,'et','2001-09-15 20:11:00','2017-12-07 16:21:12'),(50,'ab','2016-07-23 18:25:56','1983-06-21 20:02:50'),(51,'consequatur','1983-08-26 22:07:54','1980-01-21 05:59:10'),(52,'deleniti','1981-10-31 06:33:07','1983-11-25 11:39:35'),(53,'illum','2006-10-08 13:33:23','1972-08-03 16:15:33'),(54,'itaque','2016-07-04 20:25:36','1994-12-10 07:52:05'),(55,'aperiam','2009-04-27 11:15:37','2013-07-05 09:53:06'),(56,'sed','1982-02-26 23:35:43','1972-11-03 01:04:32'),(57,'libero','1990-07-11 10:58:54','1991-04-22 17:47:15'),(58,'qui','1982-04-06 07:05:51','1978-08-09 12:44:10'),(59,'non','2012-03-07 21:07:57','1991-12-19 20:59:40'),(60,'dolorum','1993-08-25 04:34:18','2010-06-08 07:24:31'),(61,'rem','1992-08-29 20:12:12','2019-04-14 17:03:54'),(62,'labore','1976-01-02 04:09:50','2011-05-19 11:37:52'),(63,'debitis','2016-10-15 09:46:51','2002-03-03 10:54:03'),(64,'placeat','1978-06-20 11:45:35','2003-07-26 18:16:59'),(65,'aut','2010-09-11 14:02:10','1971-10-28 20:52:27'),(66,'quaerat','1977-01-20 08:32:14','2000-06-22 16:46:51'),(67,'doloribus','2004-01-20 17:09:47','1990-08-02 19:18:35'),(68,'et','1978-07-03 21:41:06','1979-09-20 11:04:10'),(69,'est','1990-01-16 20:59:46','2000-02-19 12:42:41'),(70,'blanditiis','2007-12-11 14:47:47','2008-03-27 22:54:23'),(71,'magnam','1984-03-26 22:34:52','1990-12-22 10:30:34'),(72,'placeat','2007-08-12 11:18:14','1994-10-31 20:51:14'),(73,'placeat','1998-03-24 18:02:13','1995-11-05 01:33:48'),(74,'suscipit','2000-01-07 04:13:22','2011-05-18 21:42:11'),(75,'dolores','1998-03-25 17:19:17','2006-10-03 22:32:27'),(76,'doloremque','2003-03-25 12:24:50','2014-11-03 18:32:34'),(77,'et','1977-07-20 10:46:57','2016-02-29 09:42:11'),(78,'nihil','1999-09-04 13:15:40','2004-03-14 14:00:10'),(79,'eaque','2006-05-31 21:52:46','1998-05-04 00:04:45'),(80,'porro','1987-07-22 17:41:50','1996-12-04 01:29:12'),(81,'beatae','2011-08-09 13:21:47','1989-06-14 00:34:24'),(82,'commodi','1977-12-21 10:59:41','2005-05-25 18:18:06'),(83,'in','1987-03-14 16:30:33','2007-06-30 16:22:40'),(84,'eaque','1994-12-27 18:23:33','1970-07-29 09:58:19'),(85,'distinctio','1994-10-19 11:16:03','1987-08-21 23:43:16'),(86,'et','2019-02-16 20:55:20','2006-01-28 21:00:47'),(87,'iste','2001-01-05 03:34:10','2010-09-26 12:35:49'),(88,'rerum','2017-12-09 07:17:24','1970-03-28 06:39:35'),(89,'itaque','1985-02-11 13:59:28','2015-03-04 15:37:52'),(90,'illo','2007-01-10 17:48:02','2005-03-26 10:42:18'),(91,'dolor','2013-01-01 19:02:02','2014-03-12 02:39:40'),(92,'ex','1996-01-03 23:16:07','2018-11-06 05:51:43'),(93,'consequatur','1983-09-20 14:32:19','1992-04-05 11:52:38'),(94,'nihil','1982-02-01 06:31:57','2010-06-05 06:23:45'),(95,'temporibus','1977-08-30 12:04:35','1985-12-16 02:40:14'),(96,'debitis','1991-12-19 10:31:17','1997-09-01 12:20:18'),(97,'sed','2004-08-26 07:36:49','2005-06-05 17:54:33'),(98,'voluptatem','2009-11-17 04:26:34','1999-03-09 08:37:37'),(99,'magni','1991-03-08 17:33:21','1976-03-10 02:00:09'),(100,'id','1980-10-14 23:44:33','1992-10-04 14:32:52');
/*!40000 ALTER TABLE `media_types` ENABLE KEYS */;
UNLOCK TABLES;

--
-- Table structure for table `messages`
--

DROP TABLE IF EXISTS `messages`;
/*!40101 SET @saved_cs_client     = @@character_set_client */;
/*!40101 SET character_set_client = utf8 */;
CREATE TABLE `messages` (
  `id` bigint(20) unsigned NOT NULL AUTO_INCREMENT,
  `from_user_id` bigint(20) unsigned NOT NULL,
  `to_user_id` bigint(20) unsigned NOT NULL,
  `body` text COLLATE utf8_unicode_ci DEFAULT NULL,
  `created_at` datetime DEFAULT current_timestamp(),
  PRIMARY KEY (`id`),
  KEY `messages_from_user_id` (`from_user_id`),
  KEY `messages_to_user_id` (`to_user_id`),
  CONSTRAINT `messages_ibfk_1` FOREIGN KEY (`from_user_id`) REFERENCES `users` (`id`),
  CONSTRAINT `messages_ibfk_2` FOREIGN KEY (`to_user_id`) REFERENCES `users` (`id`)
) ENGINE=InnoDB AUTO_INCREMENT=51 DEFAULT CHARSET=utf8 COLLATE=utf8_unicode_ci;
/*!40101 SET character_set_client = @saved_cs_client */;

--
-- Dumping data for table `messages`
--

LOCK TABLES `messages` WRITE;
/*!40000 ALTER TABLE `messages` DISABLE KEYS */;
INSERT INTO `messages` VALUES (1,1,1,'Facere et fugiat commodi magnam tenetur et qui minima. Hic itaque qui eaque et natus consequatur laboriosam impedit. Minima voluptatem id praesentium debitis quia quia sunt eos.','1982-08-13 03:21:27'),(2,2,2,'Est ea et necessitatibus dolor ipsa quis. Quos cum repudiandae amet enim doloribus reiciendis. Officiis ducimus et voluptate sit impedit voluptatem autem.','1972-11-04 12:27:49'),(3,3,3,'Vel dolore labore qui. Non exercitationem culpa explicabo exercitationem commodi dolores quo. Aliquid quo neque in libero tempora excepturi.','1982-01-30 21:26:09'),(4,4,4,'Veniam iure consequuntur et pariatur odio. Quisquam nam ab quia voluptas voluptatem deserunt. Voluptatem quia dolores voluptatum.','1975-02-09 17:00:26'),(5,5,5,'Harum omnis consequatur tempora voluptatem delectus unde voluptas. Eos nemo placeat excepturi reiciendis qui quidem error. Ipsam est qui facere.','1980-11-02 15:12:39'),(6,6,6,'Ut magni ullam id hic minus ut necessitatibus. Sint qui assumenda dicta fugit consequuntur. Consectetur vero voluptatum ut unde. Voluptatum placeat qui provident molestiae.','2001-07-04 22:00:43'),(7,7,7,'Rerum numquam eum et tenetur dolorem. Et quaerat qui dolorem assumenda a. Quam id harum qui tempora et.','1988-10-25 02:31:12'),(8,8,8,'Totam doloribus illo suscipit dignissimos harum. Quos cumque saepe facere quod. Provident voluptatum culpa et vel modi est.','1991-04-15 13:50:10'),(9,9,9,'Excepturi vitae voluptas saepe dicta autem. Deserunt itaque mollitia quia. Et officia provident ut et. Qui excepturi eveniet sint cupiditate.','1999-06-12 16:55:09'),(10,10,10,'Dolorem quibusdam molestias repellat veniam minus aspernatur. Amet corrupti reiciendis occaecati dignissimos voluptas quia. Et cupiditate laborum dolores odio omnis nihil.','1987-11-03 14:23:12'),(11,11,11,'Ipsum molestias ea recusandae quibusdam qui deserunt et nisi. Architecto magni qui eum provident. Natus qui velit quia nisi cum.','1992-05-06 21:13:24'),(12,12,12,'Neque perferendis illo quo ipsum perspiciatis. Impedit consequatur repudiandae fuga et aut et et. Ipsum quo voluptatibus eaque et officiis. Exercitationem et aut perspiciatis cupiditate.','2009-02-22 10:29:42'),(13,13,13,'Vitae voluptas eos illo asperiores aut accusamus fugiat. Et accusamus aut autem et. Alias in tempore ea quaerat cum.','2014-09-22 14:08:22'),(14,14,14,'Quo blanditiis nostrum et vero consectetur totam. Optio eum dolor quod non quia sit. Fuga reprehenderit harum ut et et officiis ullam.','1970-08-08 20:39:42'),(15,15,15,'Velit explicabo autem ipsa et similique dignissimos perspiciatis. Praesentium quo assumenda aspernatur architecto atque tempora. Velit voluptatum repudiandae harum nobis. Et pariatur unde asperiores maiores.','1975-10-08 12:46:32'),(16,16,16,'Ratione occaecati quas reiciendis impedit voluptatum magni sequi. Magnam voluptas neque repellat ut. Voluptates inventore officia ea possimus alias. Fugit voluptatibus odio beatae cupiditate quaerat est reprehenderit nulla. Vero vero quasi quasi unde aut nulla commodi.','1976-04-20 05:22:05'),(17,17,17,'Eveniet eveniet ipsa veniam placeat magni. Distinctio fugiat quas corrupti inventore voluptatem id. Nihil unde animi illo suscipit nihil. Eos aut dignissimos et exercitationem harum. Et dolor ducimus repudiandae fugit totam et et.','1983-12-21 12:07:40'),(18,18,18,'Magnam quo non sunt et voluptas rerum. Ut adipisci fuga est asperiores dolor sapiente voluptate. Quis sunt reprehenderit et aut. Et dolores aliquid atque sint.','2009-10-31 04:24:48'),(19,19,19,'Dolorem assumenda vel fugiat et maxime ducimus. Eos suscipit tempora quia est modi nihil quos. Ipsam eum vel vel dolorem.','2002-10-31 18:14:22'),(20,20,20,'Quod officia voluptatem quas amet fuga. Perferendis adipisci et ea omnis dolores laborum. Et quasi voluptates deleniti quo sint.','2018-10-18 13:23:46'),(21,21,21,'Qui repellendus et eum consequatur aut. Animi et ab consequatur magnam. Voluptas asperiores unde incidunt unde consequatur rerum.','1987-10-24 11:58:30'),(22,22,22,'Sed rerum praesentium ut. Et eius nemo qui dolorem nobis ut voluptatem. A labore totam voluptatem repudiandae et eos. Dolor eius voluptates sed hic autem possimus nihil.','2004-06-07 14:07:10'),(23,23,23,'Saepe vero dicta perspiciatis consequatur dolores possimus sed. Vero occaecati quia at et quam est. Dignissimos et dolorem nihil delectus.','1987-04-13 07:18:25'),(24,24,24,'Cumque numquam accusantium ducimus sunt neque voluptatem ullam. Sapiente esse quo et velit. Libero eos ea quo aliquam ut. Ratione consequatur minus ratione consequatur ea deserunt quibusdam.','2015-05-10 00:49:00'),(25,25,25,'Facere veniam quae ea natus cumque adipisci maxime. Iste earum praesentium ratione. Deleniti explicabo eligendi neque distinctio recusandae. Ea vitae recusandae aliquam id neque.','1982-07-16 08:45:34'),(26,26,26,'Temporibus in est dolores dolorem nihil sit commodi. Quibusdam praesentium ex in minima. Nobis voluptatem eligendi facilis perspiciatis fugit in doloribus.','1981-02-12 09:09:27'),(27,27,27,'Magni asperiores culpa et sit sit dolor. Et commodi corrupti qui vero ut. Quos id vel unde qui natus aliquid molestiae. Voluptas aut est optio commodi fugiat ut.','2011-05-02 07:46:45'),(28,28,28,'Sunt ut numquam sequi. Rerum earum in rerum. Maiores quo et aut doloribus ut totam aut.','2000-06-09 13:55:19'),(29,29,29,'Aut sint libero rerum esse quas. Eligendi earum possimus nostrum. Delectus et sed earum deserunt aliquid quidem omnis. Omnis accusamus quidem error iste est.','1976-05-29 05:14:45'),(30,30,30,'Ut quam quam quasi. Voluptatem quo minus odio eum pariatur aut consequatur. Fugit et qui quia aut.','1977-04-26 15:28:19'),(31,31,31,'Voluptates ut est et aliquam quidem quidem perspiciatis et. Ut autem vel nihil quo qui. Vitae ea eligendi fugit eum consectetur est molestiae. Sit vitae in quia culpa.','1985-07-07 12:42:02'),(32,32,32,'Dolore pariatur non ducimus dicta maiores culpa voluptate. Dolore nemo harum minima atque dicta. Sit dolorum iste consequatur delectus mollitia. Voluptates aut et recusandae unde animi consectetur temporibus.','1977-07-20 20:55:31'),(33,33,33,'Et in quia eveniet. Voluptates autem et quia vero. Voluptatem facere praesentium aut nam expedita est.','1992-01-05 16:15:37'),(34,34,34,'Quia incidunt pariatur sint sed ut sed fuga distinctio. Porro ut accusamus totam accusamus qui et. Iusto et voluptatem consectetur magnam veritatis saepe. Dolorum velit nam mollitia animi tenetur libero.','1974-08-30 06:36:39'),(35,35,35,'Ipsam quas dolores consequatur atque odio non quasi. Unde qui distinctio non est. Recusandae quis sequi aliquam sunt nulla voluptatibus sed quaerat. Labore molestias rerum suscipit qui sequi ducimus.','1983-12-13 22:48:14'),(36,36,36,'Quam facilis amet deserunt quod voluptas et ullam. Amet dolore a porro. Enim enim modi qui cum occaecati dolorem.','1971-05-31 23:42:34'),(37,37,37,'Consequatur veniam aut et vitae. Laudantium tenetur ipsum consequatur delectus quia aut ut. Et natus nisi nihil et.','1980-04-13 04:34:11'),(38,38,38,'Dolorem sit sunt culpa corrupti ipsam. Architecto libero molestias mollitia consequatur accusantium blanditiis. Odio officia excepturi ipsa numquam vero inventore quia.','1983-10-21 20:26:07'),(39,39,39,'Et dicta impedit nisi quisquam fugit. Animi molestiae quasi non repellendus quia in. Expedita magni accusamus aperiam adipisci.','1973-01-13 18:43:54'),(40,40,40,'Libero est labore aut. Ipsam est quo id. Qui et qui qui sunt voluptatem voluptas dolorem. Nihil est quia consequatur saepe. Excepturi architecto nulla aut velit ipsam.','2018-10-11 08:11:54'),(41,41,41,'Necessitatibus sed laborum modi sint quidem numquam. Nostrum ex vero possimus et atque. Sunt aperiam et illo laborum.','1981-09-28 13:24:05'),(42,42,42,'Voluptatibus totam aliquam qui nostrum fuga. Dolore voluptas cum harum cupiditate.','2014-07-10 09:31:22'),(43,43,43,'Aut molestias laboriosam quis consectetur. Maiores ab et tenetur. Beatae nulla minus veritatis ducimus nobis nihil saepe iure. Eos ullam velit ut occaecati quaerat.','1995-07-19 19:49:27'),(44,44,44,'Quam dicta explicabo tempora quisquam quis beatae eos. Ad sint explicabo veritatis.','1985-07-19 23:40:07'),(45,45,45,'Et aut inventore maiores neque et. Quos ipsam expedita alias autem et. Quod culpa ex vel esse voluptate quia deserunt.','1986-11-09 19:14:52'),(46,46,46,'Voluptatibus dolor et ut veniam est veniam est. Possimus debitis aliquam voluptas asperiores quia necessitatibus quidem. Assumenda libero error mollitia vel nulla hic beatae.','2002-11-21 04:21:51'),(47,47,47,'Repudiandae alias labore aliquid quia nihil molestiae et modi. Distinctio nisi dolore repellat autem. Eos illo doloremque eum similique nihil deleniti asperiores.','2003-03-26 13:16:45'),(48,48,48,'Sit aut accusantium et consectetur quos. Voluptatem est tenetur architecto et officia et. Dignissimos non quae qui quia. Voluptatem atque quia adipisci.','2004-03-21 02:20:01'),(49,49,49,'Rerum accusamus id sequi. Iure odit et voluptatum earum temporibus eum. Commodi vel aut qui harum.','2002-06-22 12:45:04'),(50,50,50,'Consequatur sed qui id earum et quae voluptatem. Quia quam hic expedita vero. Quidem adipisci fuga beatae iusto qui ipsum ipsa. Adipisci sunt totam dolores atque qui aspernatur quis harum.','2001-03-19 16:08:57');
/*!40000 ALTER TABLE `messages` ENABLE KEYS */;
UNLOCK TABLES;

--
-- Table structure for table `photo_albums`
--

DROP TABLE IF EXISTS `photo_albums`;
/*!40101 SET @saved_cs_client     = @@character_set_client */;
/*!40101 SET character_set_client = utf8 */;
CREATE TABLE `photo_albums` (
  `id` bigint(20) unsigned NOT NULL AUTO_INCREMENT,
  `name` varchar(255) COLLATE utf8_unicode_ci DEFAULT NULL,
  `user_id` bigint(20) unsigned DEFAULT NULL,
  PRIMARY KEY (`id`),
  UNIQUE KEY `id` (`id`),
  KEY `user_id` (`user_id`),
  CONSTRAINT `photo_albums_ibfk_1` FOREIGN KEY (`user_id`) REFERENCES `users` (`id`)
) ENGINE=InnoDB AUTO_INCREMENT=51 DEFAULT CHARSET=utf8 COLLATE=utf8_unicode_ci;
/*!40101 SET character_set_client = @saved_cs_client */;

--
-- Dumping data for table `photo_albums`
--

LOCK TABLES `photo_albums` WRITE;
/*!40000 ALTER TABLE `photo_albums` DISABLE KEYS */;
INSERT INTO `photo_albums` VALUES (1,'impedit',1),(2,'sunt',2),(3,'porro',3),(4,'magni',4),(5,'dolorum',5),(6,'molestiae',6),(7,'et',7),(8,'a',8),(9,'dolores',9),(10,'sunt',10),(11,'reiciendis',11),(12,'necessitatibus',12),(13,'temporibus',13),(14,'veniam',14),(15,'sed',15),(16,'ipsa',16),(17,'ex',17),(18,'est',18),(19,'quo',19),(20,'culpa',20),(21,'illo',21),(22,'aperiam',22),(23,'quam',23),(24,'tenetur',24),(25,'ut',25),(26,'animi',26),(27,'sint',27),(28,'perferendis',28),(29,'quibusdam',29),(30,'omnis',30),(31,'sunt',31),(32,'enim',32),(33,'tempora',33),(34,'magni',34),(35,'iusto',35),(36,'itaque',36),(37,'alias',37),(38,'odit',38),(39,'sint',39),(40,'aliquid',40),(41,'molestiae',41),(42,'reprehenderit',42),(43,'sint',43),(44,'itaque',44),(45,'aspernatur',45),(46,'debitis',46),(47,'libero',47),(48,'ut',48),(49,'natus',49),(50,'ipsam',50);
/*!40000 ALTER TABLE `photo_albums` ENABLE KEYS */;
UNLOCK TABLES;

--
-- Table structure for table `photos`
--

DROP TABLE IF EXISTS `photos`;
/*!40101 SET @saved_cs_client     = @@character_set_client */;
/*!40101 SET character_set_client = utf8 */;
CREATE TABLE `photos` (
  `id` bigint(20) unsigned NOT NULL AUTO_INCREMENT,
  `album_id` bigint(20) unsigned NOT NULL,
  `media_id` bigint(20) unsigned NOT NULL,
  PRIMARY KEY (`id`),
  KEY `album_id` (`album_id`),
  KEY `media_id` (`media_id`),
  CONSTRAINT `photos_ibfk_1` FOREIGN KEY (`album_id`) REFERENCES `photo_albums` (`id`),
  CONSTRAINT `photos_ibfk_2` FOREIGN KEY (`media_id`) REFERENCES `media` (`id`)
) ENGINE=InnoDB AUTO_INCREMENT=21 DEFAULT CHARSET=utf8 COLLATE=utf8_unicode_ci;
/*!40101 SET character_set_client = @saved_cs_client */;

--
-- Dumping data for table `photos`
--

LOCK TABLES `photos` WRITE;
/*!40000 ALTER TABLE `photos` DISABLE KEYS */;
INSERT INTO `photos` VALUES (1,1,1),(2,2,2),(3,3,3),(4,4,4),(5,5,5),(6,6,6),(7,7,7),(8,8,8),(9,9,9),(10,10,10),(11,11,11),(12,12,12),(13,13,13),(14,14,14),(15,15,15),(16,16,16),(17,17,17),(18,18,18),(19,19,19),(20,20,20);
/*!40000 ALTER TABLE `photos` ENABLE KEYS */;
UNLOCK TABLES;

--
-- Table structure for table `profiles`
--

DROP TABLE IF EXISTS `profiles`;
/*!40101 SET @saved_cs_client     = @@character_set_client */;
/*!40101 SET character_set_client = utf8 */;
CREATE TABLE `profiles` (
  `user_id` bigint(20) unsigned NOT NULL AUTO_INCREMENT,
  `gender` char(1) COLLATE utf8_unicode_ci DEFAULT NULL,
  `birthday` date DEFAULT NULL,
  `photo_id` bigint(20) unsigned DEFAULT NULL,
  `created_at` datetime DEFAULT current_timestamp(),
  `hometown` varchar(100) COLLATE utf8_unicode_ci DEFAULT NULL,
  PRIMARY KEY (`user_id`),
  CONSTRAINT `profiles_ibfk_1` FOREIGN KEY (`user_id`) REFERENCES `users` (`id`) ON UPDATE CASCADE
) ENGINE=InnoDB AUTO_INCREMENT=101 DEFAULT CHARSET=utf8 COLLATE=utf8_unicode_ci;
/*!40101 SET character_set_client = @saved_cs_client */;

--
-- Dumping data for table `profiles`
--

LOCK TABLES `profiles` WRITE;
/*!40000 ALTER TABLE `profiles` DISABLE KEYS */;
INSERT INTO `profiles` VALUES (1,NULL,'2006-10-16',1,'2016-05-28 19:50:07',NULL),(2,NULL,'2019-05-04',2,'1994-01-31 14:23:29',NULL),(3,NULL,'1977-02-22',3,'1994-07-10 03:56:18',NULL),(4,NULL,'1981-09-01',4,'1980-06-17 14:58:26',NULL),(5,NULL,'1981-02-06',5,'1982-07-22 20:36:34',NULL),(6,NULL,'1979-11-23',6,'2017-06-17 02:45:22',NULL),(7,NULL,'2006-02-13',7,'1975-08-30 05:00:08',NULL),(8,NULL,'2016-08-27',8,'1971-11-16 05:25:48',NULL),(9,NULL,'1977-01-17',9,'2005-01-28 11:44:33',NULL),(10,NULL,'1980-02-19',10,'1989-08-19 12:29:44',NULL),(11,NULL,'2011-05-17',11,'1977-12-04 06:31:00',NULL),(12,NULL,'1983-10-02',12,'2005-10-02 20:43:21',NULL),(13,NULL,'2007-01-19',13,'1993-06-11 17:41:34',NULL),(14,NULL,'1988-10-10',14,'2019-01-28 17:48:56',NULL),(15,NULL,'1973-04-11',15,'2011-03-20 04:57:56',NULL),(16,NULL,'1997-03-04',16,'1976-12-14 01:13:39',NULL),(17,NULL,'2006-05-07',17,'2005-01-09 07:22:16',NULL),(18,NULL,'1996-06-01',18,'1998-01-26 22:05:26',NULL),(19,NULL,'2018-11-04',19,'2009-06-09 05:27:03',NULL),(20,NULL,'2009-10-25',20,'2005-08-23 00:42:15',NULL),(21,NULL,'1978-03-31',1,'1975-12-08 03:42:19',NULL),(22,NULL,'2015-11-23',2,'1983-07-08 06:24:32',NULL),(23,NULL,'2011-05-21',3,'1997-09-25 09:53:16',NULL),(24,NULL,'1999-02-06',4,'2011-07-05 12:43:35',NULL),(25,NULL,'1985-08-16',5,'2008-02-04 05:29:45',NULL),(26,NULL,'1999-03-25',6,'1990-08-31 12:44:12',NULL),(27,NULL,'1973-10-11',7,'1976-11-12 21:34:36',NULL),(28,NULL,'2003-02-06',8,'1990-04-10 09:33:33',NULL),(29,NULL,'2000-05-29',9,'2001-04-27 10:10:55',NULL),(30,NULL,'1996-07-09',10,'1974-04-21 14:05:05',NULL),(31,NULL,'2012-05-31',11,'1986-02-01 10:30:53',NULL),(32,NULL,'2010-08-22',12,'2018-05-25 05:40:29',NULL),(33,NULL,'1986-03-13',13,'1993-01-04 13:00:00',NULL),(34,NULL,'2017-11-01',14,'2012-04-20 10:19:53',NULL),(35,NULL,'2011-07-27',15,'1978-03-03 10:02:32',NULL),(36,NULL,'1977-10-30',16,'1989-07-04 01:03:27',NULL),(37,NULL,'2012-08-24',17,'1975-11-26 22:06:17',NULL),(38,NULL,'1997-07-23',18,'1979-07-11 23:49:19',NULL),(39,NULL,'2011-02-27',19,'1987-10-21 05:11:31',NULL),(40,NULL,'1988-01-15',20,'1973-11-13 10:24:00',NULL),(41,NULL,'2007-01-14',1,'1973-02-24 01:38:52',NULL),(42,NULL,'2012-07-19',2,'2017-06-15 05:58:52',NULL),(43,NULL,'2014-07-11',3,'2015-03-25 21:00:59',NULL),(44,NULL,'2003-02-01',4,'2001-12-26 01:32:50',NULL),(45,NULL,'1992-02-04',5,'1973-04-09 02:45:35',NULL),(46,NULL,'1976-02-04',6,'2002-12-26 22:04:36',NULL),(47,NULL,'1988-03-27',7,'1980-08-29 21:12:07',NULL),(48,NULL,'2010-09-23',8,'2015-09-22 16:02:24',NULL),(49,NULL,'2000-06-06',9,'1994-06-04 09:53:16',NULL),(50,NULL,'2010-08-05',10,'2008-05-20 05:41:41',NULL),(51,NULL,'2014-03-28',11,'2000-09-10 01:13:50',NULL),(52,NULL,'1997-05-28',12,'2010-04-06 07:36:44',NULL),(53,NULL,'2019-01-09',13,'1999-01-30 21:08:12',NULL),(54,NULL,'1976-11-20',14,'1979-12-26 06:21:40',NULL),(55,NULL,'2015-04-21',15,'1996-06-28 03:32:48',NULL),(56,NULL,'1984-01-02',16,'2003-12-19 20:38:37',NULL),(57,NULL,'2001-06-19',17,'1988-03-07 18:45:32',NULL),(58,NULL,'2015-10-18',18,'1981-10-20 03:46:59',NULL),(59,NULL,'2006-03-24',19,'2008-04-24 22:43:17',NULL),(60,NULL,'1974-06-14',20,'1997-02-27 04:57:03',NULL),(61,NULL,'1995-04-08',1,'2013-03-26 10:05:26',NULL),(62,NULL,'1989-11-03',2,'2002-04-26 06:39:00',NULL),(63,NULL,'1999-10-22',3,'1990-03-21 23:38:58',NULL),(64,NULL,'1985-11-25',4,'1993-07-16 00:19:51',NULL),(65,NULL,'1990-04-19',5,'2010-01-19 08:03:12',NULL),(66,NULL,'1996-11-30',6,'1975-05-17 16:48:20',NULL),(67,NULL,'2018-12-24',7,'2002-11-23 16:13:29',NULL),(68,NULL,'1972-10-09',8,'1986-01-04 00:07:56',NULL),(69,NULL,'2011-01-06',9,'1995-06-14 23:52:07',NULL),(70,NULL,'1996-04-16',10,'1974-04-01 17:57:43',NULL),(71,NULL,'2016-04-28',11,'1987-08-16 13:07:13',NULL),(72,NULL,'1999-09-22',12,'1973-12-23 08:55:37',NULL),(73,NULL,'1989-02-19',13,'1998-09-26 04:08:34',NULL),(74,NULL,'1984-09-29',14,'2007-11-09 20:03:55',NULL),(75,NULL,'1977-05-04',15,'1988-06-03 18:26:59',NULL),(76,NULL,'2004-01-22',16,'2017-02-02 12:03:19',NULL),(77,NULL,'1988-06-22',17,'2014-11-18 10:07:40',NULL),(78,NULL,'1994-05-19',18,'1989-06-13 15:06:49',NULL),(79,NULL,'1982-08-20',19,'1990-12-26 20:15:08',NULL),(80,NULL,'2012-05-19',20,'2008-02-13 16:18:07',NULL),(81,NULL,'2002-03-29',1,'1992-10-20 17:43:24',NULL),(82,NULL,'1983-02-14',2,'1970-05-27 19:49:42',NULL),(83,NULL,'1975-12-26',3,'1977-11-26 01:00:47',NULL),(84,NULL,'1981-03-14',4,'1997-03-28 04:49:23',NULL),(85,NULL,'1993-09-14',5,'2003-11-24 09:00:10',NULL),(86,NULL,'1986-05-17',6,'1983-06-12 18:24:55',NULL),(87,NULL,'2018-02-11',7,'2011-08-28 03:56:35',NULL),(88,NULL,'2010-03-23',8,'1982-01-11 05:45:35',NULL),(89,NULL,'2001-04-27',9,'2005-05-20 21:16:35',NULL),(90,NULL,'1986-11-05',10,'2001-12-19 02:42:18',NULL),(91,NULL,'1979-05-12',11,'2015-09-30 23:03:56',NULL),(92,NULL,'2014-07-06',12,'1976-04-14 20:00:11',NULL),(93,NULL,'2018-02-17',13,'1986-08-15 03:52:27',NULL),(94,NULL,'1979-01-25',14,'1997-04-06 20:07:20',NULL),(95,NULL,'1977-03-01',15,'1976-01-28 23:36:53',NULL),(96,NULL,'1976-10-03',16,'2002-04-24 05:06:13',NULL),(97,NULL,'2013-05-24',17,'2001-07-05 04:35:43',NULL),(98,NULL,'1994-11-02',18,'1985-06-13 08:42:05',NULL),(99,NULL,'1989-01-12',19,'1974-08-27 18:16:44',NULL),(100,NULL,'1991-06-30',20,'1989-09-10 12:18:50',NULL);
/*!40000 ALTER TABLE `profiles` ENABLE KEYS */;
UNLOCK TABLES;

--
-- Table structure for table `users`
--

DROP TABLE IF EXISTS `users`;
/*!40101 SET @saved_cs_client     = @@character_set_client */;
/*!40101 SET character_set_client = utf8 */;
CREATE TABLE `users` (
  `id` bigint(20) unsigned NOT NULL AUTO_INCREMENT,
  `firstname` varchar(50) COLLATE utf8_unicode_ci DEFAULT NULL,
  `lastname` varchar(50) COLLATE utf8_unicode_ci DEFAULT NULL COMMENT '',
  `email` varchar(120) COLLATE utf8_unicode_ci DEFAULT NULL,
  `phone` bigint(20) DEFAULT NULL,
  PRIMARY KEY (`id`),
  UNIQUE KEY `email` (`email`),
  KEY `users_phone_idx` (`phone`),
  KEY `users_firstname_lastname_idx` (`firstname`,`lastname`)
) ENGINE=InnoDB AUTO_INCREMENT=101 DEFAULT CHARSET=utf8 COLLATE=utf8_unicode_ci;
/*!40101 SET character_set_client = @saved_cs_client */;

--
-- Dumping data for table `users`
--

LOCK TABLES `users` WRITE;
/*!40000 ALTER TABLE `users` DISABLE KEYS */;
INSERT INTO `users` VALUES (1,'Eryn','Erdman','dave.hodkiewicz@example.org',193734),(2,'Trever','Terry','cade08@example.com',996),(3,'Edgar','Daugherty','lemke.jamil@example.com',498261),(4,'Darian','Abbott','ahmed13@example.org',652761),(5,'Lucius','Hermann','ktowne@example.net',1),(6,'Destiney','Schimmel','uyost@example.net',0),(7,'Erna','DuBuque','mariano.ryan@example.net',0),(8,'Tressa','Tromp','wfriesen@example.org',0),(9,'Jamil','Wilderman','sadie.keebler@example.org',286),(10,'Lyda','Smith','davis.dejah@example.net',0),(11,'Jasper','Swaniawski','romaguera.baby@example.org',655815),(12,'Miracle','Brekke','jayne.heaney@example.net',78925),(13,'Manuela','Hilpert','waylon.kuhn@example.net',0),(14,'Camilla','Huel','margret.erdman@example.net',79),(15,'Camron','Wehner','cbosco@example.org',461),(16,'George','Heller','kreiger.isabelle@example.net',10),(17,'Willy','Flatley','mac70@example.org',940965),(18,'Shea','Abshire','haley.milton@example.org',65062),(19,'Annamae','Rodriguez','emerald.ondricka@example.com',0),(20,'Brionna','McLaughlin','nicolas31@example.net',519),(21,'Roselyn','King','udenesik@example.org',1),(22,'Augustus','Green','monahan.leola@example.org',183742),(23,'Kaden','Harvey','ypredovic@example.org',364),(24,'Shanelle','Wilderman','runte.hunter@example.com',700435),(25,'Carson','Jast','eryn36@example.org',939308),(26,'Junior','Crona','kay69@example.org',602246),(27,'Patricia','Beier','flesch@example.org',250),(28,'Albert','Bode','dedric95@example.org',313670),(29,'Garett','Leffler','letitia07@example.net',0),(30,'Enoch','Dietrich','ian.rice@example.org',1),(31,'Lori','Trantow','beer.malachi@example.com',1),(32,'Brycen','Homenick','name61@example.com',199985),(33,'Giovani','Eichmann','rstark@example.net',0),(34,'Dereck','Lang','retha.thompson@example.org',331),(35,'Tierra','Johns','sabina23@example.net',1),(36,'Nicholaus','Crona','weissnat.stephan@example.net',566),(37,'Marlen','Ernser','mona43@example.com',1),(38,'Elta','Kertzmann','charity.mayer@example.com',76),(39,'Sonny','Sauer','filiberto05@example.org',721),(40,'Anderson','McKenzie','johnston.angus@example.org',78),(41,'Julian','Quitzon','feil.augusta@example.net',46),(42,'Tianna','Beatty','aufderhar.antoinette@example.com',455),(43,'Shyanne','Toy','tvolkman@example.net',94),(44,'Lempi','Fisher','watson27@example.net',64688),(45,'Mustafa','Witting','connelly.lamar@example.com',113),(46,'Kian','Wiegand','uadams@example.net',143349),(47,'Mckayla','Klocko','hrogahn@example.org',0),(48,'Trace','Walter','marcelina.shields@example.org',762),(49,'Fred','Legros','krowe@example.org',0),(50,'Samara','Satterfield','titus56@example.net',49),(51,'Sonya','Kling','owen.o\'kon@example.net',0),(52,'Fay','Bradtke','garnet.strosin@example.net',587),(53,'Jeffry','Rowe','skye.cremin@example.org',0),(54,'Andrew','Eichmann','renner.lysanne@example.net',478149402),(55,'Aileen','Hane','cartwright.immanuel@example.net',106),(56,'Shane','Cassin','deven.crooks@example.com',1),(57,'Willa','Satterfield','josue83@example.com',0),(58,'Estelle','Wisoky','kbayer@example.org',401),(59,'Emiliano','Kerluke','marielle.schroeder@example.org',1),(60,'Albin','Bednar','hbrekke@example.com',60),(61,'Marques','Walsh','weissnat.adell@example.com',917559),(62,'Stefan','Nolan','cristina50@example.org',1),(63,'Vernie','Beier','claire.harvey@example.net',573),(64,'Jadyn','Reichel','tfritsch@example.com',1),(65,'Lance','Kreiger','hoppe.makenna@example.com',1),(66,'Daren','Hoeger','rowe.rebeca@example.com',0),(67,'Makenzie','Ziemann','bria.legros@example.org',323453),(68,'Clare','Dicki','igaylord@example.org',182830),(69,'Georgiana','Huels','webster95@example.org',8843620836),(70,'Charlie','Corwin','blubowitz@example.net',0),(71,'Salma','Maggio','usanford@example.org',1),(72,'Ignatius','Paucek','itromp@example.org',184681),(73,'Maximillian','Hackett','diego.blanda@example.com',6),(74,'Terrance','Block','aracely.romaguera@example.net',0),(75,'Wilton','Bogisich','hoppe.owen@example.org',1),(76,'Aurelia','Bartell','imiller@example.net',13790),(77,'Audreanne','Farrell','michel.bradtke@example.net',262),(78,'Phyllis','Lebsack','mueller.polly@example.net',288702),(79,'Lyric','Glover','alene.cassin@example.net',731759),(80,'Zack','Huels','alfonzo.schiller@example.net',0),(81,'Ewell','Schuppe','sarina53@example.com',0),(82,'Amiya','Mitchell','daugherty.joshua@example.org',786),(83,'Hudson','Kub','nash.bernhard@example.net',456),(84,'Will','Ebert','will53@example.net',1),(85,'Marcia','Rice','brian83@example.com',1),(86,'Carmine','Sauer','brycen.champlin@example.com',290595),(87,'Hugh','Hoeger','ofahey@example.com',139),(88,'Isai','Bosco','heathcote.gwendolyn@example.net',0),(89,'Bradley','Ritchie','tess40@example.org',560),(90,'Trinity','Moore','feeney.tiana@example.net',1),(91,'Precious','Boyer','aaliyah.zemlak@example.net',1),(92,'Arjun','Torp','aletha.schmidt@example.net',708321),(93,'Annabelle','Lang','asha.windler@example.net',367196),(94,'Nathan','West','hermann.royce@example.com',1),(95,'Oswaldo','Mann','satterfield.adelbert@example.com',0),(96,'Otho','Ebert','crona.billie@example.net',4600001845),(97,'Crawford','Kerluke','michael.stroman@example.com',1),(98,'Logan','Rohan','nkuphal@example.com',106445388),(99,'Verda','Roberts','jillian85@example.net',532936),(100,'Domenic','Osinski','jerrell29@example.org',0);
/*!40000 ALTER TABLE `users` ENABLE KEYS */;
UNLOCK TABLES;

--
-- Table structure for table `users_communities`
--

DROP TABLE IF EXISTS `users_communities`;
/*!40101 SET @saved_cs_client     = @@character_set_client */;
/*!40101 SET character_set_client = utf8 */;
CREATE TABLE `users_communities` (
  `user_id` bigint(20) unsigned NOT NULL,
  `community_id` bigint(20) unsigned NOT NULL,
  PRIMARY KEY (`user_id`,`community_id`),
  KEY `community_id` (`community_id`),
  CONSTRAINT `users_communities_ibfk_1` FOREIGN KEY (`user_id`) REFERENCES `users` (`id`),
  CONSTRAINT `users_communities_ibfk_2` FOREIGN KEY (`community_id`) REFERENCES `communities` (`id`)
) ENGINE=InnoDB DEFAULT CHARSET=utf8 COLLATE=utf8_unicode_ci;
/*!40101 SET character_set_client = @saved_cs_client */;

--
-- Dumping data for table `users_communities`
--

LOCK TABLES `users_communities` WRITE;
/*!40000 ALTER TABLE `users_communities` DISABLE KEYS */;
INSERT INTO `users_communities` VALUES (1,1),(2,2),(3,3),(4,4),(5,5),(6,6),(7,7),(8,8),(9,9),(10,10);
/*!40000 ALTER TABLE `users_communities` ENABLE KEYS */;
UNLOCK TABLES;
/*!40103 SET TIME_ZONE=@OLD_TIME_ZONE */;

/*!40101 SET SQL_MODE=@OLD_SQL_MODE */;
/*!40014 SET FOREIGN_KEY_CHECKS=@OLD_FOREIGN_KEY_CHECKS */;
/*!40014 SET UNIQUE_CHECKS=@OLD_UNIQUE_CHECKS */;
/*!40101 SET CHARACTER_SET_CLIENT=@OLD_CHARACTER_SET_CLIENT */;
/*!40101 SET CHARACTER_SET_RESULTS=@OLD_CHARACTER_SET_RESULTS */;
/*!40101 SET COLLATION_CONNECTION=@OLD_COLLATION_CONNECTION */;
/*!40111 SET SQL_NOTES=@OLD_SQL_NOTES */;

-- Dump completed on 2019-10-30 19:53:27
